,Item Label,URI,Context [4],Context [5],Trench Abbreviation,Trench Number,Year
1,"1979, ID:83",http://opencontext.org/subjects/21bd6d20-9202-4d7e-8238-6e06bce587d2,Tesoro,Tesoro 21,T,21,1979
2,"1970, ID:442",http://opencontext.org/subjects/3afaaab3-24c6-4f5d-d993-da4006935924,Tesoro,Tesoro 6E (2),T,6E,1970
3,"1983, ID:116",http://opencontext.org/subjects/e41e9373-bad4-4064-a200-bfeaeca5fabd,Tesoro,Tesoro 26,T,26,1983
4,"1969, ID:463",http://opencontext.org/subjects/a96fbda0-9054-4140-9622-cb07ce613758,Civitate A,Civitate A 13,CA,13,1969
5,"1980, ID:417",http://opencontext.org/subjects/66ebb4f3-2e71-49d9-002d-ee6079231f29,Agger,Agger 11,A,11,1980
9,"1968, ID:485",http://opencontext.org/subjects/5153b969-2077-4e31-edd1-abb4f764abc7,Civitate A,Civitate A 2,CA,2,1968
12,"1971, ID:394",http://opencontext.org/subjects/c1effcc9-3fbd-46c0-2160-38a6273dfdeb,Civitate A,Civitate A 28,CA,28,1971
15,"1978, ID:453",http://opencontext.org/subjects/39e93c14-2dfe-4ff4-bcec-7a4f30de064a,Tesoro Rectangle,"Tesoro Rectangle 6,7 Doorway",TR,"6,7",1978
16,"1967, ID:523",http://opencontext.org/subjects/2cea9c34-d5e1-4467-2ce7-27d269ba845c,Tesoro,Tesoro 1AN,T,1AN,1967
19,"1999, ID:365",http://opencontext.org/subjects/646f3438-9bbf-46f1-71e9-0bec2e095ea4,Tesoro,Tesoro 26 South,T,26,1999
20,"2001, ID:445",http://opencontext.org/subjects/c0f52f4c-8161-4db6-0175-1bcae89cdc1d,Tesoro,Tesoro 22 West Extension,T,22,2001
22,"1967, ID:158",http://opencontext.org/subjects/4500ca4a-4b5a-41e8-5337-1c77990375af,Civitate A,Civitate A 2F,CA,2F,1967
24,"1974, ID:387",http://opencontext.org/subjects/e2ee71f0-755c-474d-3f02-d8e0b67b73de,Tesoro,Tesoro 20,T,20,1974
27,"1987, ID:432",http://opencontext.org/subjects/278f96d8-b34a-4b46-90ba-1c67a7a1a81d,Tesoro,Tesoro 26,T,26,1987
31,"1982, ID:423",http://opencontext.org/subjects/1d751acc-a48d-4256-0898-2556e5280c56,Tesoro,Tesoro 19,T,19,1982
35,"1969, ID:243",http://opencontext.org/subjects/8db613b1-9160-4a26-1f84-ef45c8403e0a,Civitate C,Civitate C 6,CC,6,1969
36,"1987, ID:126",http://opencontext.org/subjects/08d96c71-10e5-4c1e-245f-26d84bdc3426,Tesoro,Tesoro 26,T,26,1987
39,"2001, ID:483",http://opencontext.org/subjects/cd34e501-2845-41c1-6068-0330a6d6947e,Tesoro,Tesoro 22 West Extension,T,22,2001
40,"1996, ID:250",http://opencontext.org/subjects/0d24da34-1ace-4ea7-1a08-864c3771d57a,Civitate D,Civitate D 7,CD,7,1996
41,"1996, ID:236",http://opencontext.org/subjects/eae75fe0-a422-450d-ecfa-d6e755d13cdc,Civitate B,Civitate B 32,CB,32,1996
42,"1985, ID:119",http://opencontext.org/subjects/1715f935-44f4-46b0-458a-ca73117b66f7,Tesoro,Tesoro 26,T,26,1985
47,"1998, ID:363",http://opencontext.org/subjects/b98e614b-da64-41be-1ce8-9e5d3496c96d,Agger,Agger 9 Extension,A,9,1998
48,"1972, ID:77",http://opencontext.org/subjects/8161df34-30a4-4b36-977f-ed68ea59ca5a,Tesoro,Tesoro 19,T,19,1972
50,"1968, ID:379",http://opencontext.org/subjects/199e7140-260e-4ab0-f8fc-7c604f8e35ee,Tesoro,Tesoro 1 Test 9,T,1,1968
56,"1971, ID:66",http://opencontext.org/subjects/6ca4122d-0af2-4f2b-d8bf-c77584ad386d,Tesoro,Tesoro 15 and Pozzo,T,15,1971
59,"1997, ID:354",http://opencontext.org/subjects/83304a03-52e2-411f-4e36-dbeac7a441d1,Agger,Agger 9 Extension,A,9,1997
61,"1999, ID:364",http://opencontext.org/subjects/4454f19d-c295-4e35-7124-98a6661cff51,Tesoro,Tesoro 26 North,T,26,1999
62,"1993, ID:401",http://opencontext.org/subjects/cb0d10d6-5fd7-48eb-2f70-1d7efa2ab8f1,Civitate B,Civitate B 29,CB,29,1993
67,"1995, ID:108",http://opencontext.org/subjects/51811248-1469-45ce-ea1c-33b61a244055,Tesoro,Tesoro 25 North Extension,T,25,1995
72,"1988, ID:230",http://opencontext.org/subjects/dfb991c1-9e46-449e-543a-839ddcdb9dff,Civitate B,Civitate B 21,CB,21,1988
73,"1994, ID:107",http://opencontext.org/subjects/8dc1810d-17c9-4064-d1ac-526ce4fb1b69,Tesoro,Tesoro 25 North Extension,T,25,1994
78,"1966, ID:306",http://opencontext.org/subjects/3f77b349-231a-41ae-91b9-0ae0d913dc07,Poggio Aguzzo,Poggio Aguzzo 1,PA,1,1966
79,"1987, ID:433",http://opencontext.org/subjects/e5461f2d-c3c5-474b-f8a8-a1b8c56ccaaa,Tesoro,Tesoro 26,T,26,1987
81,"1976, ID:79",http://opencontext.org/subjects/1c8a3854-31c8-42dc-d4bb-254ecce95b62,Tesoro,Tesoro 19 Extension,T,19,1976
83,"2001, ID:506",http://opencontext.org/subjects/38eb7fe3-d403-4515-d17d-eccee1472e3a,Tesoro,Tesoro 26 South Extension,T,26,2001
84,"1999, ID:368",http://opencontext.org/subjects/847268d2-b10f-4cbb-ffec-577630572c9c,Tesoro South Flank,"Tesoro South Flank, Extension I 0",TSF,0,1999
89,"1994, ID:388",http://opencontext.org/subjects/af7993a7-86f5-49a6-ecb8-d59e265f810f,Tesoro,Tesoro 21,T,21,1994
95,"2000, ID:421",http://opencontext.org/subjects/54252d07-a291-4b75-6c6e-ad4e831f564c,Tesoro South Flank,"Tesoro South Flank, Extension I 0",TSF,0,2000
98,"1972, ID:404",http://opencontext.org/subjects/97b3fb48-cf5e-4d97-6fc7-e6213bae2ce7,Courtyard,Courtyard,C,,1972
108,"1970, ID:532",http://opencontext.org/subjects/a4494215-7687-4aea-b4eb-dd443fe84730,Agger,Agger 1,A,1,1970
111,"1969, ID:308",http://opencontext.org/subjects/c677159a-aaae-4629-5a56-aacdf21b62ec,Poggio Aguzzo,Poggio Aguzzo 1,PA,1,1969
115,"2013, ID:673",http://opencontext.org/subjects/7d8606a7-cb65-4b3e-a339-fbb9b6ff7eb4,Civitate A,Civitate A 70,CA,70,2013
117,"1996, ID:251",http://opencontext.org/subjects/fb0c00c0-f040-42e3-2ef0-3c73aee34305,Civitate D,Civitate D 8,CD,8,1996
118,"1988, ID:256",http://opencontext.org/subjects/7cfd5524-2b03-412c-7569-4ae00666b95c,East Terrace,East Terrace 1,ET,1,1988
119,"1998, ID:356",http://opencontext.org/subjects/4c9de9eb-687b-41cd-e5dc-90cd3b55adfa,Tesoro,Tesoro 25 Extension,T,25,1998
122,"1968, ID:486",http://opencontext.org/subjects/cf806e3a-25c9-424f-e090-672a445957dc,Civitatine B,Civitatine B1,CB,1,1968
128,"1967, ID:159",http://opencontext.org/subjects/09e36d34-e5da-432e-9367-057d3ecf26f6,Civitate A,Civitate A 2D,CA,2D,1967
130,"2011, ID:638",http://opencontext.org/subjects/e6fdc2bd-af19-4c1b-ddd6-d11cbfc0f7b1,Civitate B,Civitate B 39,CB,39,2011
133,"1979, ID:247",http://opencontext.org/subjects/002c4f44-2c69-4135-01a6-e02d381f99a4,Civitate D,Civitate D 4,CD,4,1979
135,"2007, ID:587",http://opencontext.org/subjects/becc2f4a-b3c7-4c74-93a7-ded3a87bf523,Tesoro,Tesoro 48,T,48,2007
139,"2003, ID:496",http://opencontext.org/subjects/ef628d6d-2a2d-4e6b-f86a-834a451f8296,Tesoro,Tesoro 28 North,T,28,2003
140,"1998, ID:360",http://opencontext.org/subjects/7c56c14f-9336-443d-4d1f-602299831244,Civitate A,Civitate A 42N,CA,42N,1998
143,"1993, ID:411",http://opencontext.org/subjects/f1dc6bc7-f794-4429-13fa-65d4d52475c5,Tesoro,Tesoro 22,T,22,1993
146,"1971, ID:148",http://opencontext.org/subjects/73645e2f-c5d5-4655-f2ed-cd225c1aa221,Lower Building,Lower Building,LB,,1971
151,"1978, ID:254",http://opencontext.org/subjects/83ced25b-c03d-4f76-507b-adcb151775e5,North Terrace,North Terrace 2,NT,2,1978
152,T111 2025,http://opencontext.org/subjects/aeb7ff63-b6be-4f5a-b7e9-1d22394d67ad,Tesoro,Tesoro 111,T,111,2025
160,"2002, ID:487",http://opencontext.org/subjects/b73503d0-3958-4d16-460e-2aa355e30892,Tesoro,Tesoro 28,T,28,2002
176,T116 2025,http://opencontext.org/subjects/d28100b4-061e-49d3-bcbe-67cdccf261c9,Tesoro,Tesoro 116,T,116,2025
181,"1970, ID:64",http://opencontext.org/subjects/82a29440-dfa8-409d-2ec6-2d14d3cdf411,Tesoro,Tesoro 14,T,14,1970
201,"1973, ID:266",http://opencontext.org/subjects/f10f2e4c-3088-403d-0e2b-470b1fa0b694,Agger,Agger 10,A,10,1973
216,T112 2025,http://opencontext.org/subjects/9a40123a-1522-4856-b1d0-d04088f63056,Tesoro,Tesoro 112,T,112,2025
218,"1989, ID:232",http://opencontext.org/subjects/125b3116-4f36-4d92-30e0-29513ef47a0c,Civitate B,Civitate B 23,CB,23,1989
220,"1966, ID:511",http://opencontext.org/subjects/0d1a1a44-8946-495c-716f-c6e937a545c8,Civitate A,Civitate A 2D,CA,2D,1966
230,T104 2025,http://opencontext.org/subjects/b4282935-bb77-4b2f-8369-8e7e123c80e2,Tesoro,Tesoro 104,T,104,2025
245,"2002, ID:507",http://opencontext.org/subjects/67905cda-1882-4b23-f0d5-68c45fd0b862,Tesoro,Tesoro 28 South,T,28,2002
246,"2001, ID:458",http://opencontext.org/subjects/9259d8f1-c05c-497f-07c4-e5803ba00709,Tesoro,Tesoro 28 North,T,28,2001
249,T114 2025,http://opencontext.org/subjects/e9e24924-b40d-4237-b32b-a3d170c4f109,Tesoro,Tesoro 114,T,114,2025
250,T113 2025,http://opencontext.org/subjects/e8efcd1d-2082-412b-a810-e759abc7eeba,Tesoro,Tesoro 113,T,113,2025
252,"2001, ID:460",http://opencontext.org/subjects/14be93ae-020d-42e2-24ad-604be3c60f89,Tesoro,Tesoro 28 South,T,28,2001
259,"1994, ID:147",http://opencontext.org/subjects/2e7bd42d-81d4-4172-5b37-63a8d5db0cdd,Tesoro,Tesoro 27,T,27,1994
282,"1999, ID:367",http://opencontext.org/subjects/99cb9eb0-1eda-412d-7fbd-04bcd5e44dcf,Agger,Agger 9 Southern Extension,A,9,1999
287,"1975, ID:267",http://opencontext.org/subjects/db69d0be-81b5-4edb-dd42-ccd4a1c294d8,Agger,Agger 10,A,10,1975
299,T110 2024,http://opencontext.org/subjects/1d872f07-1cb7-4a66-80ce-f337eaa35473,Tesoro,Tesoro 110,T,110,2024
306,T123 2025,http://opencontext.org/subjects/9cef8bc9-4ebc-4b89-a745-7af1a99bf90b,Tesoro,Tesoro 123,T,123,2025
313,"1974, ID:285",http://opencontext.org/subjects/eff18bc6-edd7-4f7a-cfc5-be404701b71e,Tesoro Rectangle,"Tesoro Rectangle 6,7 Doorway",TR,"6,7",1974
322,T120 2025,http://opencontext.org/subjects/e0535e7e-b7e5-4b9f-99d3-500eefe191fc,Tesoro,Tesoro 120,T,120,2025
326,"2013, ID:672",http://opencontext.org/subjects/83518343-34aa-4020-84e8-a50ff471879d,Civitate A,Civitate A84,CA,84,2013
328,T121 2025,http://opencontext.org/subjects/92721cd4-fa48-4fc3-bccf-99778ae9fc12,Tesoro,Tesoro 121,T,121,2025
329,T122 2025,http://opencontext.org/subjects/f6b35c6b-943a-4fe6-b0bc-7aa7236a058c,Tesoro,Tesoro 122,T,122,2025
330,T118 2025,http://opencontext.org/subjects/51c428d9-0f51-40bf-9b82-ef7d171bb660,Tesoro,Tesoro 118,T,118,2025
337,"2005, ID:573",http://opencontext.org/subjects/4b85886b-03e4-48fe-41ab-d55457c5e3a9,Civitate D,"Civitate D 14A, B, C",CD,"14A,",2005
340,T126 2025,http://opencontext.org/subjects/e8373515-8717-40cd-bcdc-23fd1caf6351,Tesoro,Tesoro 126,T,126,2025
341,T127 2025,http://opencontext.org/subjects/b1587d47-3825-41dd-8a20-97554cda2985,Tesoro,Tesoro 127,T,127,2025
350,T125 2025,http://opencontext.org/subjects/fe0b7863-c69e-44e2-8fa3-f807f34bed00,Tesoro,Tesoro 125,T,125,2025
353,"1989, ID:249",http://opencontext.org/subjects/d55f05fe-7ebb-40d8-b39e-1ec5d83be1da,Civitate D,Civitate D 6,CD,6,1989
357,T124 2025,http://opencontext.org/subjects/0fd3eadf-14cd-4d85-9a5e-2b249c46188e,Tesoro,Tesoro 124,T,124,2025
358,"1971, ID:382",http://opencontext.org/subjects/3696ac55-cc89-4299-979f-e230364487fc,Tesoro,Tesoro 9,T,9,1971
363,T119 2025,http://opencontext.org/subjects/b648990a-ae68-49e9-a0a2-5c2629cfef1f,Tesoro,Tesoro 119,T,119,2025
367,"1990, ID:234",http://opencontext.org/subjects/af4264d9-c414-4b82-555e-231542b8a4a3,Civitate B,Civitate B 26,CB,26,1990
368,T117 2025,http://opencontext.org/subjects/6e081563-2c12-4322-8616-df9dbf4d63e7,Tesoro,Tesoro 117,T,117,2025
372,"2004, ID:517",http://opencontext.org/subjects/8cbc3ce8-d016-454f-877a-ffcc6cdd93b3,Tesoro,Tesoro 36,T,36,2004
375,"1998, ID:357",http://opencontext.org/subjects/444151e3-24f0-421f-9bd9-6e29de9f62c7,Tesoro,Tesoro 26 North,T,26,1998
382,"1980, ID:269",http://opencontext.org/subjects/5c8ba00a-fd53-4d68-8ba8-8a4a17f4cbd6,Agger,Agger 11 Extension,A,11,1980
384,T115 2025,http://opencontext.org/subjects/a82eddb0-d915-40b8-8f86-b2f9454a7072,Tesoro,Tesoro 115,T,115,2025
385,"1968, ID:162",http://opencontext.org/subjects/e25f27c3-cdfc-4d39-9b9a-a749a8a80f64,Civitate A,Civitate A 2I,CA,2I,1968
387,"1968, ID:161",http://opencontext.org/subjects/0bd521e1-a442-48dc-c45f-4ca748597550,Civitate A,Civitate A 2H,CA,2H,1968
388,"1968, ID:48",http://opencontext.org/subjects/f1c8ede7-b1ab-41fe-998f-820c5f85074c,Tesoro,Tesoro 5E,T,5E,1968
391,"1968, ID:160",http://opencontext.org/subjects/a5e7af56-bb36-4490-2eeb-9f9ea2ae1368,Civitate A,Civitate A 2G,CA,2G,1968
396,"1969, ID:152",http://opencontext.org/subjects/04d907b0-a850-4129-03fb-cbaba554171f,Civitate A,Civitate A 1,CA,1,1969
397,"2000, ID:437",http://opencontext.org/subjects/039766cc-521f-46b6-2b98-40210f7da8f1,Tesoro,Tesoro 22 West Extension,T,22,2000
398,"2000, ID:425",http://opencontext.org/subjects/b0f889b2-6d71-4022-f311-caa9919a9ecc,Tesoro,Tesoro 21,T,21,2000
404,"1968, ID:164",http://opencontext.org/subjects/8ef7aa6f-6ce3-4b45-b488-302e52bb9615,Civitate A,Civitate A 2K,CA,2K,1968
410,"1967, ID:157",http://opencontext.org/subjects/1486cef9-fb7e-48a5-1468-306c069785bd,Civitate A,Civitate A 2E,CA,2E,1967
412,"1967, ID:156",http://opencontext.org/subjects/a3cdcb91-5b30-4305-eff7-1014ab258a0e,Civitate A,Civitate A 2C,CA,2C,1967
416,"1972, ID:71",http://opencontext.org/subjects/93ab3dc0-e669-45e2-678f-4e41bf0664c4,Tesoro,Tesoro 18,T,18,1972
421,"1998, ID:358",http://opencontext.org/subjects/4ac3d7e6-8b05-480a-320e-b2aa1266759a,Tesoro,Tesoro 26 South,T,26,1998
430,"1966, ID:371",http://opencontext.org/subjects/f1360278-6001-43df-f344-b11a536af061,Tesoro,Tesoro 1,T,1,1966
435,"1997, ID:350",http://opencontext.org/subjects/122f81bf-29c7-4b62-0e43-e68059d21b8c,Tesoro,Tesoro 25,T,25,1997
437,"1969, ID:53",http://opencontext.org/subjects/4b93ce0f-ad3c-45e2-a260-c52f71792f3a,Tesoro,Tesoro 6E (1),T,6E,1969
439,"1980, ID:99",http://opencontext.org/subjects/a4f657a3-d496-408b-c03d-9bd7834b605b,Tesoro,Tesoro 25,T,25,1980
440,"2004, ID:519",http://opencontext.org/subjects/43f066e6-a524-4ee5-0042-3569062176a7,Tesoro,Tesoro 35,T,35,2004
441,"1968, ID:40",http://opencontext.org/subjects/c1769d8f-a55c-4e1a-4398-8cdc1524a589,Tesoro,Tesoro 1AN,T,1AN,1968
442,"1968, ID:163",http://opencontext.org/subjects/e9298df1-5f47-4bc6-7086-75b9b5e0e880,Civitate A,Civitate A 2J,CA,2J,1968
450,"1967, ID:155",http://opencontext.org/subjects/81edc6f0-153d-4881-3ae7-25e4a8e20806,Civitate A,Civitate A 2B,CA,2B,1967
454,"1973, ID:386",http://opencontext.org/subjects/837ff3d5-3868-4741-ea8c-ebba02b732eb,Tesoro,Tesoro 20,T,20,1973
456,"1967, ID:154",http://opencontext.org/subjects/4605eae5-2eb5-4a06-e1cb-63bd6d287a31,Civitate A,Civitate A 2A,CA,2A,1967
459,"2000, ID:424",http://opencontext.org/subjects/56201674-f881-47cc-7000-b2c52ffe9e3a,Tesoro,Tesoro 22 West Extension,T,22,2000
461,"1966, ID:405",http://opencontext.org/subjects/7144b0f0-f80b-4c59-5c27-195ad5513957,Civitate A,Civitate A 2A,CA,2A,1966
465,"1966, ID:151",http://opencontext.org/subjects/292963d7-cbff-4e98-6b36-2be5bf7f3fb6,Civitate A,Civitate A 2,CA,2,1966
472,"1966, ID:7",http://opencontext.org/subjects/77079316-dbee-4881-630e-d6c10d1961f4,Tesoro,Tesoro 1G,T,1G,1966
473,"1970, ID:452",http://opencontext.org/subjects/ec53b973-106d-4642-cfd3-996029945ae5,Agger,Agger 3,A,3,1970
476,"1979, ID:268",http://opencontext.org/subjects/f66635b3-323b-4cdd-b0b5-5f48adca46f1,Agger,Agger 11,A,11,1979
477,"1969, ID:240",http://opencontext.org/subjects/843b05f2-7df7-4ee2-efa3-bffe76dc5d37,Civitate C,Civitate C 3,CC,3,1969
488,"1970, ID:451",http://opencontext.org/subjects/76e58960-342a-48af-c4a0-d4f4f3b16a41,Agger,Agger 4,A,4,1970
495,"2002, ID:488",http://opencontext.org/subjects/1bf95233-46fb-4a57-a802-c55200071858,Tesoro,Tesoro 21,T,21,2002
496,"1968, ID:484",http://opencontext.org/subjects/34f012fe-a6b2-4a95-06c4-8ac5dd990f82,Tesoro,Tesoro 1 Sub 1,T,1,1968
498,"1966, ID:8",http://opencontext.org/subjects/9a9af766-1cad-496e-4959-292e0b0f410c,Tesoro,Tesoro 1H,T,1H,1966
503,"1979, ID:244",http://opencontext.org/subjects/9054684c-c14f-4404-b9f2-9a4fc3082af1,Civitate D,Civitate D 1,CD,1,1979
508,"1979, ID:245",http://opencontext.org/subjects/0bba0905-bc1b-4c0f-751b-09b3ba87a221,Civitate D,Civitate D 2,CD,2,1979
519,"1980, ID:410",http://opencontext.org/subjects/2a7e14cd-9457-4d35-faa7-d018830429c0,Tesoro,Tesoro 19,T,19,1980
520,"1978, ID:422",http://opencontext.org/subjects/e69cd898-32ec-4092-ef4c-96bcf763072f,Tesoro,Tesoro 19,T,19,1978
527,"1979, ID:418",http://opencontext.org/subjects/1f812a7e-06d1-470f-c6e4-6dfd82e0e866,Agger,Agger 11 Extension,A,11,1979
528,"1978, ID:383",http://opencontext.org/subjects/d662b9f4-b0a3-4418-ee3e-ee360430ca74,Tesoro,Tesoro 17,T,17,1978
530,"1969, ID:187",http://opencontext.org/subjects/8e2a69f9-6f5a-40e7-6b64-481e67b1402b,Civitate A,Civitate A 24,CA,24,1969
531,"1968, ID:224",http://opencontext.org/subjects/137686a5-baf3-466d-4675-790c883053b5,Civitate B,Civitate B 15,CB,15,1968
533,"1970, ID:61",http://opencontext.org/subjects/66364248-e606-4dea-df72-50b2d22d5b0c,Tesoro,Tesoro 11,T,11,1970
534,"1988, ID:196",http://opencontext.org/subjects/1112d05d-7d69-49ca-5f48-a2661cfc1abf,Civitate A,Civitate A 32,CA,32,1988
535,"1970, ID:63",http://opencontext.org/subjects/f6b51179-7b98-41a8-06bf-59d1eb74b7bc,Tesoro,Tesoro 13,T,13,1970
536,"1996, ID:235",http://opencontext.org/subjects/c4449e3c-5ca2-4f24-ed9d-ad28aa10ce41,Civitate B,Civitate B 30,CB,30,1996
537,"1988, ID:231",http://opencontext.org/subjects/37738ca9-1d96-4396-efe8-625129736d23,Civitate B,Civitate B 22,CB,22,1988
538,"1970, ID:441",http://opencontext.org/subjects/ece4a351-2e5e-443a-8cbb-aa2b130f1d52,Tesoro Rectangle,Tesoro Rectangle 12,TR,12,1970
539,"1968, ID:377",http://opencontext.org/subjects/514fad69-8d83-43e2-5114-310e9aad52d2,Tesoro,Tesoro 1 Test 7,T,1,1968
542,"1988, ID:229",http://opencontext.org/subjects/5c1d058d-2d7e-4198-ecf0-96b0676662f5,Civitate B,Civitate B 20,CB,20,1988
543,"1990, ID:233",http://opencontext.org/subjects/fd8d7a1b-9119-4a3d-bc57-8024adeb2b4d,Civitate B,Civitate B 25,CB,25,1990
544,"1980, ID:409",http://opencontext.org/subjects/2eca9b53-3260-4103-0c4d-2c8842a1d49c,Tesoro,Tesoro 18,T,18,1980
545,"1970, ID:440",http://opencontext.org/subjects/86ae8e4c-fd6f-4d5a-8402-1cfe1fff039d,Tesoro,Tesoro 2,T,2,1970
547,"1970, ID:470",http://opencontext.org/subjects/a52228ce-ea6f-4488-d1ab-dd785954f2ba,Agger,Agger 9 Extension,A,9,1970
548,"1993, ID:400",http://opencontext.org/subjects/15272852-7875-4598-31e3-5cc72a5addbd,Civitate B,Civitate B 28,CB,28,1993
549,"1990, ID:204",http://opencontext.org/subjects/2c43f625-7da5-4a3e-d447-d9c2e279f25c,Civitate A,Civitate A 34,CA,34,1990
550,"1969, ID:380",http://opencontext.org/subjects/cf13cefc-66d8-4fc9-34b8-6e185c107393,Tesoro,Tesoro 5 Test,T,5,1969
552,"1970, ID:60",http://opencontext.org/subjects/0adffb28-7534-48fd-ed92-631102b4852e,Tesoro,Tesoro 10,T,10,1970
553,"1966, ID:43",http://opencontext.org/subjects/ff322b45-b0e8-4af4-296d-a8c08593ef50,Tesoro,Tesoro 4,T,4,1966
554,"1969, ID:177",http://opencontext.org/subjects/e1e241a7-ec4e-4a68-72d0-651c72240a5f,Civitate A,Civitate A 14,CA,14,1969
555,"1968, ID:175",http://opencontext.org/subjects/202891e5-c6a0-4643-fac1-0d3df5f586ac,Civitate A,Civitate A 13,CA,13,1968
556,"1971, ID:58",http://opencontext.org/subjects/68f8b3b3-83ac-4d34-d0d4-1bc8843bf767,Tesoro,Tesoro 9,T,9,1971
557,"1969, ID:184",http://opencontext.org/subjects/87f1c844-3a7d-45e0-2124-f69dad88e6aa,Civitate A,Civitate A 21,CA,21,1969
558,"1966, ID:372",http://opencontext.org/subjects/9639b69c-f887-446b-4108-88ae018a5d09,Tesoro,Tesoro 1 Test 1,T,1,1966
559,"1969, ID:185",http://opencontext.org/subjects/6f68b8c8-18cc-41dc-a148-e920c5430d93,Civitate A,Civitate A 22,CA,22,1969
560,"1968, ID:166",http://opencontext.org/subjects/78b8bb61-e9ea-4af7-c8ae-84fcaaa5b55f,Civitate A,Civitate A 4,CA,4,1968
561,"1966, ID:374",http://opencontext.org/subjects/06719318-3696-41cc-a22c-11651d99a557,Tesoro,Tesoro 1 Test 3,T,1,1966
562,"1966, ID:373",http://opencontext.org/subjects/43c66e72-212a-4d22-5876-f45c467b32e9,Tesoro,Tesoro 1 Test 2,T,1,1966
563,"1968, ID:378",http://opencontext.org/subjects/945a7dc4-582c-4e47-7b26-c4fecabf8084,Tesoro,Tesoro 1 Test 8,T,1,1968
564,"1968, ID:376",http://opencontext.org/subjects/ba45abc5-b26e-422a-41a5-b4dc1d7a8752,Tesoro,Tesoro 1 Test 6,T,1,1968
565,"1968, ID:222",http://opencontext.org/subjects/0cde01b7-90a2-4c88-741d-f9ae20c6b6eb,Civitate B,Civitate B 13,CB,13,1968
566,"1969, ID:179",http://opencontext.org/subjects/14c19d4b-72e0-4d92-586d-2f361798fbe6,Civitate A,Civitate A 16,CA,16,1969
567,"1969, ID:178",http://opencontext.org/subjects/16536693-f66b-4427-6892-df17987d1916,Civitate A,Civitate A 15,CA,15,1969
568,"1969, ID:189",http://opencontext.org/subjects/165bc5b4-3ea7-4b17-3110-aaeab7433743,Civitate A,Civitate A 31,CA,31,1969
570,"1969, ID:188",http://opencontext.org/subjects/1c009ee5-e3ef-4ef6-9973-10c276c01855,Civitate A,Civitate A 25,CA,25,1969
571,"1969, ID:181",http://opencontext.org/subjects/25908d39-5853-4e26-685b-b645f9d78f8e,Civitate A,Civitate A 18,CA,18,1969
572,"1969, ID:191",http://opencontext.org/subjects/2c1c863a-933d-4928-c87f-735114c9cca1,Civitate A,Civitate A 27,CA,27,1969
573,"1969, ID:180",http://opencontext.org/subjects/320149ec-05dd-4ca1-8f58-718ef3132e4c,Civitate A,Civitate A 17,CA,17,1969
574,"1968, ID:174",http://opencontext.org/subjects/39176436-5226-4b26-47ec-8574abb5818b,Civitate A,Civitate A 12,CA,12,1968
575,"1969, ID:190",http://opencontext.org/subjects/5a53513f-e71b-47f2-6eaf-3dd0dab81df8,Civitate A,Civitate A 26,CA,26,1969
576,"1969, ID:227",http://opencontext.org/subjects/64b1ff2c-520b-491e-b0df-3c2ee9cca75f,Civitate B,Civitate B 18,CB,18,1969
577,"1968, ID:221",http://opencontext.org/subjects/83ea86ad-c217-408f-ec26-4bb20866974e,Civitate B,Civitate B 12,CB,12,1968
578,"1969, ID:194",http://opencontext.org/subjects/9d4b97f6-2e08-4c40-9a4c-0cab145cbb25,Civitate A,Civitate A 30,CA,30,1969
579,"1968, ID:225",http://opencontext.org/subjects/b1b80e63-30bd-45f3-ffd5-8163d7008fdb,Civitate B,Civitate B 16,CB,16,1968
580,"1968, ID:223",http://opencontext.org/subjects/b27df835-1f2f-419f-bed1-c0e32db0eefa,Civitate B,Civitate B 14,CB,14,1968
581,"1969, ID:183",http://opencontext.org/subjects/bd983b75-4565-49fa-dd95-8ebdc1ffd8df,Civitate A,Civitate A 20,CA,20,1969
582,"1969, ID:186",http://opencontext.org/subjects/c48ff10e-b6de-4146-2d0b-cfabf0a3e193,Civitate A,Civitate A 23,CA,23,1969
583,"1969, ID:228",http://opencontext.org/subjects/d74cb9de-01f6-4ccd-18fa-898e362231ae,Civitate B,Civitate B 19,CB,19,1969
584,"1968, ID:220",http://opencontext.org/subjects/d9ec87ee-81ba-4651-0c04-3633b375cacd,Civitate B,Civitate B 11,CB,11,1968
585,"1968, ID:219",http://opencontext.org/subjects/eb108096-8584-4462-1863-a16441ebc350,Civitate B,Civitate B 10,CB,10,1968
586,"1969, ID:182",http://opencontext.org/subjects/f787e0c0-cdcf-42c0-5c0e-da32c013696f,Civitate A,Civitate A 19,CA,19,1969
587,"1969, ID:193",http://opencontext.org/subjects/f8c76806-a659-4c16-e63d-fea94cb2c2f6,Civitate A,Civitate A 29,CA,29,1969
588,"1968, ID:171",http://opencontext.org/subjects/0e271881-cf82-40c0-e1ac-a2980fc81214,Civitate A,Civitate A 9,CA,9,1968
589,"1968, ID:216",http://opencontext.org/subjects/23976789-640b-4b25-98f7-39cdefc0cd58,Civitate B,Civitate B 7,CB,7,1968
590,"1968, ID:218",http://opencontext.org/subjects/2abe235a-d5a2-48c9-47e9-f080253a38e7,Civitate B,Civitate B 9,CB,9,1968
591,"1966, ID:210",http://opencontext.org/subjects/3e397448-dfcb-4fe1-9d96-2ffa9e4e13cf,Civitate B,Civitate B 1,CB,1,1966
592,"1966, ID:211",http://opencontext.org/subjects/42e58d4c-c00b-4053-e292-7a204cc224e0,Civitate B,Civitate B 2,CB,2,1966
593,"1966, ID:212",http://opencontext.org/subjects/451f3511-e9cd-4f92-9b46-6bbc6a6aa0f6,Civitate B,Civitate B 3,CB,3,1966
594,"1968, ID:170",http://opencontext.org/subjects/51815902-960f-4775-9287-90d8bd50bf08,Civitate A,Civitate A 8,CA,8,1968
595,"1966, ID:214",http://opencontext.org/subjects/59bb6136-9ff0-431c-41f7-eede1fb456f3,Civitate B,Civitate B 5,CB,5,1966
596,"1968, ID:217",http://opencontext.org/subjects/63dff9a7-f734-4d8c-4007-60dc45b33755,Civitate B,Civitate B 8,CB,8,1968
597,"1968, ID:167",http://opencontext.org/subjects/6907d879-771f-490a-6a30-baff9fd01b48,Civitate A,Civitate A 5,CA,5,1968
598,"1969, ID:238",http://opencontext.org/subjects/8b6e73d8-6612-4fef-acf2-ac4b575cd498,Civitate C,Civitate C 1,CC,1,1969
599,"1969, ID:241",http://opencontext.org/subjects/9042e3b9-e91c-4c6a-c3c4-73606da10037,Civitate C,Civitate C 4,CC,4,1969
600,"1968, ID:165",http://opencontext.org/subjects/a66cf7d3-5720-45f5-ca09-ba55bf6d5ffc,Civitate A,Civitate A 3,CA,3,1968
601,"1968, ID:168",http://opencontext.org/subjects/af8b999b-60d4-428f-5c2b-b63f5c727272,Civitate A,Civitate A 6,CA,6,1968
602,"1968, ID:215",http://opencontext.org/subjects/b1acc8ac-b2b0-43f3-feb7-035cde6bbffa,Civitate B,Civitate B 6,CB,6,1968
603,"1966, ID:213",http://opencontext.org/subjects/b4df8cd4-ba19-44b9-55ea-0acd0b2df3a6,Civitate B,Civitate B 4,CB,4,1966
604,"1968, ID:169",http://opencontext.org/subjects/d0deec6d-d424-4243-1fef-775defc15da0,Civitate A,Civitate A 7,CA,7,1968
605,"1989, ID:248",http://opencontext.org/subjects/dbbb47ff-c6bd-45cd-9709-f442c588b862,Civitate D,Civitate D 5,CD,5,1989
606,"1979, ID:246",http://opencontext.org/subjects/e90a3f79-3229-4742-e733-a443e69977ac,Civitate D,Civitate D 3,CD,3,1979
607,"1969, ID:239",http://opencontext.org/subjects/eb0572da-3854-4e08-e0cc-7f2541591343,Civitate C,Civitate C 2,CC,2,1969
608,"1969, ID:242",http://opencontext.org/subjects/f92bb3eb-b97a-402a-2244-d633e6331910,Civitate C,Civitate C 5,CC,5,1969
609,"1970, ID:62",http://opencontext.org/subjects/62a48b68-9877-4a9f-2d9e-82d77e134fe3,Tesoro,Tesoro 12,T,12,1970
610,"1978, ID:98",http://opencontext.org/subjects/e1d6906a-9bc1-4276-cfc5-384ac5443d58,Tesoro,Tesoro 24,T,24,1978
611,"1966, ID:42",http://opencontext.org/subjects/cbcc7c51-8e37-418f-85dd-20cfa4724092,Tesoro,Tesoro 3,T,3,1966
612,"1966, ID:476",http://opencontext.org/subjects/e3204b38-f161-4a4f-3cdb-5fe3c91e5203,Tesoro,Tesoro 2F,T,2F,1966
613,"1968, ID:438",http://opencontext.org/subjects/7ed5f43a-26d2-4cee-6a90-f302c77b9588,Civitate C,Civitate C 1B,CC,1B,1968
614,"2003, ID:502",http://opencontext.org/subjects/78ab13da-1a51-4c78-a831-927b0d524029,Tesoro,Tesoro 28 South,T,28,2003
615,"1967, ID:489",http://opencontext.org/subjects/443838c4-2409-445a-2710-18ff2708b1ab,Civitate A,Civitate A 2,CA,2,1967
616,"1966, ID:477",http://opencontext.org/subjects/b79d9e04-2389-437d-7047-943009511a8d,Tesoro,Tesoro 2G,T,2G,1966
617,"1966, ID:474",http://opencontext.org/subjects/cc61afc6-46fc-49ae-7a25-b7b2fde87aa4,Tesoro,Tesoro 2D,T,2D,1966
618,"1966, ID:478",http://opencontext.org/subjects/8c0ddcc8-1468-4316-fc43-18c2836eca5d,Tesoro,Tesoro 2H,T,2H,1966
619,"1966, ID:475",http://opencontext.org/subjects/eb873902-6945-42d4-ce2b-c0dd0203cd71,Tesoro,Tesoro 2E,T,2E,1966
620,"1978, ID:282",http://opencontext.org/subjects/77c6db2d-1731-4adf-d2e6-0957f7c5f340,Tesoro Rectangle,Tesoro Rectangle 6-11 West Wall,TR,6-11,1978
621,"1966, ID:480",http://opencontext.org/subjects/678edfa1-5c35-45f1-580a-43ec07d2b7b9,Tesoro,Tesoro 2K,T,2K,1966
622,"1966, ID:472",http://opencontext.org/subjects/ca7f39c5-c2ac-409b-d574-ac57c4f678f9,Tesoro,Tesoro 2B,T,2B,1966
623,"1967, ID:522",http://opencontext.org/subjects/d3bb2fc9-67f3-4ea4-a5e8-f7e49e2ff1d8,Tesoro,Tesoro 1NRT,T,1NRT,1967
625,"1966, ID:473",http://opencontext.org/subjects/fc271f80-9661-4520-78d9-332044112ff3,Tesoro,Tesoro 2C,T,2C,1966
626,"1987, ID:389",http://opencontext.org/subjects/0f870c3e-8c6b-4b66-07b8-83dbd6a10ffd,Tesoro,"Tesoro 22, 26",T,"22,",1987
627,"1993, ID:88",http://opencontext.org/subjects/968041c4-0106-420b-4659-28251c4fcfe5,Tesoro,Tesoro 22 West Extension,T,22,1993
628,"1966, ID:479",http://opencontext.org/subjects/a433bac6-ba42-473c-de8a-db9c4e628dc5,Tesoro,Tesoro 2J,T,2J,1966
629,"1966, ID:481",http://opencontext.org/subjects/b3b1a4ab-a1ef-4a6b-becd-7c7877f72546,Tesoro,Tesoro 2L,T,2L,1966
630,"2001, ID:448",http://opencontext.org/subjects/943d9a4e-bcd1-48cc-04a4-de14ef85ad08,Civitate B,Civitate B,CB,,2001
631,"1981, ID:95",http://opencontext.org/subjects/d9131b46-1047-44f6-af86-9bdda90c4ad9,Tesoro,Tesoro 23,T,23,1981
632,"1966, ID:471",http://opencontext.org/subjects/43dc772a-c152-4c32-9edf-fc43331ac47b,Tesoro,Tesoro 2A,T,2A,1966
633,"1988, ID:426",http://opencontext.org/subjects/f5ec7cbb-9fdc-4a2f-209e-d1966e62b6c9,Tesoro,Tesoro 26,T,26,1988
637,"2005, ID:559",http://opencontext.org/subjects/d436b49e-f62c-4791-0626-e4d75a828bee,Tesoro,Tesoro 44B,T,44B,2005
639,"1970, ID:530",http://opencontext.org/subjects/d2bbecb6-f3e3-40df-746b-c79477a24a85,Agger,Agger 2B,A,2B,1970
640,Tr-ID 450,http://opencontext.org/subjects/c5e19fdf-6a88-476d-4eb1-26046f73809e,Unrecorded,Unrecorded,U,,0
641,"1970, ID:531",http://opencontext.org/subjects/14d9946a-c047-496a-608f-62873bc429fb,Agger,Agger 2D,A,2D,1970
642,"2004, ID:518",http://opencontext.org/subjects/a45a0686-8f99-4165-2ab7-225827cbee6d,Tesoro,Tesoro 37,T,37,2004
643,"1968, ID:237",http://opencontext.org/subjects/c18bd183-ff8f-40a7-0d51-b4d06bee723c,Civitate C,Civitate C 1A,CC,1A,1968
645,"2005, ID:560",http://opencontext.org/subjects/eff9486b-3dec-42f9-3b9c-dc20a7003601,Tesoro,Tesoro 20H,T,20H,2005
646,"1970, ID:533",http://opencontext.org/subjects/98715068-ee8d-4269-e914-284a9bd99fe8,Agger,Agger 9C,A,9C,1970
648,"1966, ID:10",http://opencontext.org/subjects/ebdad736-f825-4778-2d8b-2a4afabc5d31,Tesoro,Tesoro 1J,T,1J,1966
650,Tr-ID 297,http://opencontext.org/subjects/0304014c-068b-4174-d85a-720dcc49aa29,Tesoro Rectangle,Tesoro Rectangle 15,TR,15,0
651,Tr-ID 296,http://opencontext.org/subjects/6bfa194e-f589-4fd2-de28-4cc95b1402f2,Tesoro Rectangle,Tesoro Rectangle 14,TR,14,0
652,Tr-ID 298,http://opencontext.org/subjects/dcd9eb3e-d1bd-4d46-e4eb-6adecc95dae5,Tesoro Rectangle,Tesoro Rectangle 16,TR,16,0
653,Tr-ID 273,http://opencontext.org/subjects/1dc812f8-6bd8-41a0-30c7-85feca5d221f,Tesoro Rectangle,Tesoro Rectangle 3,TR,3,0
654,Tr-ID 301,http://opencontext.org/subjects/7d5e74bd-8c4c-4b10-8b07-394670950942,Tesoro Rectangle,Tesoro Rectangle 19,TR,19,0
655,Tr-ID 274,http://opencontext.org/subjects/81794500-a7a0-40b9-274c-d1a7950a9764,Tesoro Rectangle,Tesoro Rectangle 4,TR,4,0
656,Tr-ID 303,http://opencontext.org/subjects/beb0cca7-2646-46e3-c386-7fe75483381c,Tesoro Rectangle,Tesoro Rectangle 21,TR,21,0
657,Tr-ID 302,http://opencontext.org/subjects/cc6782f0-09d7-4e5f-d3b7-3fc92636e438,Tesoro Rectangle,Tesoro Rectangle 20,TR,20,0
658,"1993, ID:392",http://opencontext.org/subjects/ac42f5ef-4549-4be6-5b93-a07f6fef6342,Tesoro,Tesoro South of Tesoro 27,T,27,1993
659,"1991, ID:370",http://opencontext.org/subjects/2a920d80-2384-4f1a-49ca-fd442d759dac,Civitate B,Civitate B Exploratory,CB,,1991
661,"1967, ID:35",http://opencontext.org/subjects/28e3edf0-f7d2-44f9-8f42-ab574ad81026,Tesoro,Tesoro 1AI,T,1AI,1967
662,"2004, ID:525",http://opencontext.org/subjects/8e727a47-2ca4-491b-4e62-20f6e32976b6,Tesoro,Tesoro 30,T,30,2004
663,"1973, ID:307",http://opencontext.org/subjects/62d3a62a-25c8-4201-99bb-6abc1805338d,Poggio Aguzzo,Poggio Aguzzo 1,PA,1,1973
664,Tr-ID 226,http://opencontext.org/subjects/0afb3f82-681f-44a0-0a08-79429e2b716b,Civitate B,Civitate B 17,CB,17,0
665,Tr-ID 399,http://opencontext.org/subjects/a5de909c-7042-4dc2-933f-82a0a7896cf2,Civitate B,Civitate B 24,CB,24,0
666,"2003, ID:493",http://opencontext.org/subjects/2aadd335-29d6-4c32-6c87-9bfe889e9e57,Civitate A,Civitate A 51,CA,51,2003
668,"2004, ID:515",http://opencontext.org/subjects/6e35d69a-f58c-435e-cbd8-1f3472980433,Tesoro,Tesoro 30,T,30,2004
669,"2003, ID:497",http://opencontext.org/subjects/e9a4cc2f-3dcd-4218-fcd9-95c837a74c87,Tesoro,Tesoro 29,T,29,2003
670,"1967, ID:15",http://opencontext.org/subjects/e19dd309-7b3c-43ee-35cf-b641f66da900,Tesoro,Tesoro 1O,T,1O,1967
671,"1966, ID:9",http://opencontext.org/subjects/1337f319-39f0-4457-129d-51f1f7480fac,Tesoro,Tesoro 1I,T,1I,1966
672,Tr-ID 443,http://opencontext.org/subjects/d52db4f8-5b3c-4cb4-6f15-a8fd5077a51e,Not Applicable,N-A,NA,,0
674,"2004, ID:526",http://opencontext.org/subjects/2f59cd29-8b7c-480f-0f15-075a68a89789,Tesoro,Tesoro 37,T,37,2004
675,"2004, ID:534",http://opencontext.org/subjects/3640eeb6-2c5d-437b-e300-6043883f8a10,Tesoro,Tesoro 41,T,41,2004
676,"2004, ID:528",http://opencontext.org/subjects/5795ee01-4506-4715-22c3-de0af1e7df24,Tesoro,Tesoro 37,T,37,2004
677,"2004, ID:524",http://opencontext.org/subjects/756fb228-e865-4e1e-8ad6-41a4323e9ba6,Tesoro,Tesoro 40,T,40,2004
678,"2004, ID:527",http://opencontext.org/subjects/ea74949e-8103-4f44-5c18-54c84c586fc0,Tesoro,Tesoro 40,T,40,2004
680,"2016, ID:721",http://opencontext.org/subjects/a5a1fc80-d92a-4783-8922-5e2636f815b5,Tesoro,Tesoro 76,T,76,2016
681,T66 2016,http://opencontext.org/subjects/4ced9c52-ea8f-45ce-be56-5faf84bf0072,Tesoro,Tesoro 66,T,66,2016
682,T128 2025,http://opencontext.org/subjects/daa3c381-f2cc-4fe9-a6f3-34077bc58b6a,Tesoro,Tesoro 128,T,128,2025
683,Tr-Unknown,http://opencontext.org/subjects/675e933b-9032-48b7-ad52-41ff8ab6f999,Unrecorded,Unrecorded,U,,0
684,CB65 2018,http://opencontext.org/subjects/d817ff42-6f96-4894-b014-3cc5459b4447,Civitate B,Civitate B65,CB,65,2018
685,CA96 2022,http://opencontext.org/subjects/123c0922-9451-44e1-a36a-f472ac1581fc,Civitate A,Civitate A96,CA,96,2022
